{
    "SGD": [
        [
            1.9669189453125,
            1.5441285371780396,
            1.3772759437561035,
            1.2730305194854736,
            1.1912922859191895,
            1.1127759218215942,
            1.0405181646347046,
            0.974747896194458,
            0.9179089069366455,
            0.8624719977378845,
            0.8105512261390686,
            0.769891083240509,
            0.7234520316123962,
            0.6807923913002014,
            0.6405590772628784,
            0.5971290469169617,
            0.5555696487426758,
            0.511239230632782,
            0.47018298506736755,
            0.4289133846759796
        ],
        [
            0.4051552414894104,
            0.47024282813072205,
            0.5241839289665222,
            0.5651870965957642,
            0.5764331221580505,
            0.6139530539512634,
            0.6245023608207703,
            0.6363455653190613,
            0.6527667045593262,
            0.6617237329483032,
            0.6706807613372803,
            0.6868033409118652,
            0.6906847357749939,
            0.6915804147720337,
            0.702925980091095,
            0.7047173380851746,
            0.6980493664741516,
            0.7012341022491455,
            0.7077030539512634,
            0.7055135369300842
        ]
    ],
    "SGD-Step": [
        [
            1.5298826694488525,
            1.1220250129699707,
            0.9232760071754456,
            0.7895737886428833,
            0.6752083897590637,
            0.3895331621170044,
            0.3212139904499054,
            0.2786971628665924,
            0.2417682558298111,
            0.20731860399246216,
            0.16531731188297272,
            0.1600019335746765,
            0.15633264183998108,
            0.15342271327972412,
            0.15011905133724213,
            0.14602947235107422,
            0.14542989432811737,
            0.14507994055747986,
            0.1447586566209793,
            0.14439290761947632
        ],
        [
            0.5478702187538147,
            0.6335589289665222,
            0.6587380766868591,
            0.6710788011550903,
            0.6789410710334778,
            0.7170581221580505,
            0.7161624431610107,
            0.7171576619148254,
            0.7166600227355957,
            0.7133758068084717,
            0.7139729261398315,
            0.7150676846504211,
            0.7141719460487366,
            0.7137739062309265,
            0.7128781676292419,
            0.7140724658966064,
            0.7143710255622864,
            0.7146695852279663,
            0.7146695852279663,
            0.7143710255622864
        ]
    ],
    "SGD-Exp": [
        [
            1.5758448839187622,
            1.1215482950210571,
            0.9016771912574768,
            0.7517926692962646,
            0.6255500316619873,
            0.5019192099571228,
            0.37592944502830505,
            0.2632264494895935,
            0.17365755140781403,
            0.09999494254589081,
            0.05014008656144142,
            0.020272672176361084,
            0.00832503940910101,
            0.0033158124424517155,
            0.001822499092668295,
            0.0014340440975502133,
            0.001216776785440743,
            0.001075660577043891,
            0.0009751979960128665,
            0.0008999032434076071
        ],
        [
            0.5492635369300842,
            0.631170392036438,
            0.659335196018219,
            0.6824243664741516,
            0.6908837556838989,
            0.7012341022491455,
            0.7066082954406738,
            0.703125,
            0.7001393437385559,
            0.6989450454711914,
            0.694167971611023,
            0.7110868096351624,
            0.7074044346809387,
            0.712579607963562,
            0.7148686051368713,
            0.7143710255622864,
            0.7140724658966064,
            0.715664803981781,
            0.7143710255622864,
            0.7147691249847412
        ]
    ],
    "Adam": [
        [
            1.7180041074752808,
            1.3975027799606323,
            1.3039206266403198,
            1.2409818172454834,
            1.1889046430587769,
            1.1419013738632202,
            1.0960310697555542,
            1.0530407428741455,
            1.0132172107696533,
            0.9769808650016785,
            0.9420801401138306,
            0.9108422994613647,
            0.8830561637878418,
            0.8575539588928223,
            0.8306458592414856,
            0.805949866771698,
            0.7843620777130127,
            0.7656427025794983,
            0.7437393665313721,
            0.724513053894043
        ],
        [
            0.4637738764286041,
            0.5167197585105896,
            0.5441879034042358,
            0.5663813948631287,
            0.5850915312767029,
            0.600417971611023,
            0.6108678579330444,
            0.6249004602432251,
            0.6321656107902527,
            0.6449044346809387,
            0.6470939517021179,
            0.6611266136169434,
            0.6625199317932129,
            0.665505588054657,
            0.6681926846504211,
            0.6691879034042358,
            0.6816281676292419,
            0.6807324886322021,
            0.6837181448936462,
            0.6860071420669556
        ]
    ],
    "SGD-Cos": [
        [
            1.536627173423767,
            1.1217291355133057,
            0.9285248517990112,
            0.7842616438865662,
            0.6626717448234558,
            0.5348087549209595,
            0.4325764775276184,
            0.328395277261734,
            0.24251699447631836,
            0.20410612225532532,
            0.13984869420528412,
            0.1042119562625885,
            0.06885543465614319,
            0.051509931683540344,
            0.023847531527280807,
            0.010025985538959503,
            0.0023953162599354982,
            0.000707173312548548,
            0.0004799012385774404,
            0.00039475481025874615
        ],
        [
            0.5386146306991577,
            0.6358479261398315,
            0.6616241931915283,
            0.6789410710334778,
            0.6786425113677979,
            0.6706807613372803,
            0.6914808750152588,
            0.6892914175987244,
            0.681329607963562,
            0.6793391704559326,
            0.6690883636474609,
            0.6827229261398315,
            0.6812300682067871,
            0.6835191249847412,
            0.6921775341033936,
            0.702925980091095,
            0.7046178579330444,
            0.7046178579330444,
            0.7061106562614441,
            0.7069068551063538
        ]
    ]
}