{
    "Full": [
        [
            0.9119081497192383,
            0.5442700386047363,
            0.39023926854133606,
            0.30750608444213867,
            0.24789093434810638,
            0.10055156797170639,
            0.05532525107264519,
            0.03553476929664612,
            0.026730995625257492,
            0.01969534531235695,
            0.014498951844871044,
            0.013812046498060226,
            0.01308569498360157,
            0.013803272508084774,
            0.013325229287147522,
            0.012481731362640858,
            0.013111896812915802,
            0.012814417481422424,
            0.012108332477509975,
            0.011080482043325901
        ],
        [
            0.7686906456947327,
            0.7851067781448364,
            0.7920292615890503,
            0.8008307218551636,
            0.8011273741722107,
            0.8284216523170471,
            0.8303006291389465,
            0.8290150165557861,
            0.8291139006614685,
            0.8315862417221069,
            0.8301028609275818,
            0.8310917615890503,
            0.829311728477478,
            0.832179605960846,
            0.8303006291389465,
            0.8305972814559937,
            0.8309928774833679,
            0.8303006291389465,
            0.8295094966888428,
            0.8303995132446289
        ]
    ],
    "Full-Aug1": [
        [
            0.9192408323287964,
            0.5797259211540222,
            0.46826285123825073,
            0.3995387852191925,
            0.3521527945995331,
            0.21741074323654175,
            0.16989952325820923,
            0.1452084332704544,
            0.12812411785125732,
            0.11327489465475082,
            0.09008534252643585,
            0.09143265336751938,
            0.08651164174079895,
            0.08456586301326752,
            0.0815567746758461,
            0.07999156415462494,
            0.08048409968614578,
            0.07935601472854614,
            0.07947292178869247,
            0.07928424328565598
        ],
        [
            0.7610759735107422,
            0.7767998576164246,
            0.8069620132446289,
            0.8074564933776855,
            0.8179391026496887,
            0.8392009735107422,
            0.8420688509941101,
            0.8450356125831604,
            0.8445411324501038,
            0.8453322649002075,
            0.8441455960273743,
            0.8441455960273743,
            0.8438488841056824,
            0.8441455960273743,
            0.8432555198669434,
            0.8440466523170471,
            0.8426621556282043,
            0.8440466523170471,
            0.8445411324501038,
            0.843156635761261
        ]
    ],
    "Full-Aug2": [
        [
            1.0666537284851074,
            0.7401586174964905,
            0.6429237127304077,
            0.58465975522995,
            0.5383800864219666,
            0.4321500360965729,
            0.39885589480400085,
            0.3825289011001587,
            0.37128937244415283,
            0.3575390577316284,
            0.3421611785888672,
            0.33959877490997314,
            0.34171515703201294,
            0.3370778560638428,
            0.33277422189712524,
            0.335550457239151,
            0.33397382497787476,
            0.3337545096874237,
            0.33244675397872925,
            0.3347702622413635
        ],
        [
            0.7252768874168396,
            0.762460470199585,
            0.7816455960273743,
            0.7925237417221069,
            0.8036985993385315,
            0.8376186490058899,
            0.8421677350997925,
            0.8423655033111572,
            0.8456289768218994,
            0.8467167615890503,
            0.8486946225166321,
            0.8499802350997925,
            0.8485957384109497,
            0.8488923907279968,
            0.8507713675498962,
            0.8494857549667358,
            0.8486946225166321,
            0.849782407283783,
            0.8500791192054749,
            0.8514636158943176
        ]
    ]
}