{"SGD": [[1.9669189453125, 1.5441285371780396, 1.3772759437561035, 1.2730305194854736, 1.1912922859191895, 1.1127759218215942, 1.0405181646347046, 0.974747896194458, 0.9179089069366455, 0.8624719977378845, 0.8105512261390686, 0.769891083240509, 0.7234520316123962, 0.6807923913002014, 0.6405590772628784, 0.5971290469169617, 0.5555696487426758, 0.511239230632782, 0.47018298506736755, 0.4289133846759796], [0.4051552414894104, 0.47024282813072205, 0.5241839289665222, 0.5651870965957642, 0.5764331221580505, 0.6139530539512634, 0.6245023608207703, 0.6363455653190613, 0.6527667045593262, 0.6617237329483032, 0.6706807613372803, 0.6868033409118652, 0.6906847357749939, 0.6915804147720337, 0.702925980091095, 0.7047173380851746, 0.6980493664741516, 0.7012341022491455, 0.7077030539512634, 0.7055135369300842]], "RandAff": [[2.0644710063934326, 1.706580400466919, 1.586822271347046, 1.5006985664367676, 1.4341167211532593, 1.3741263151168823, 1.3308969736099243, 1.2899364233016968, 1.2568167448043823, 1.2242977619171143, 1.1898682117462158, 1.1587855815887451, 1.132327675819397, 1.106975793838501, 1.0844329595565796, 1.0547025203704834, 1.0417453050613403, 1.0216219425201416, 1.0035240650177002, 0.9881307482719421], [0.37221336364746094, 0.4490445852279663, 0.47780653834342957, 0.515625, 0.5425955653190613, 0.565386176109314, 0.5641918778419495, 0.5878781676292419, 0.6068869233131409, 0.6133558750152588, 0.6226114630699158, 0.6357483863830566, 0.6315684914588928, 0.6506767272949219, 0.659136176109314, 0.6592356562614441, 0.6766520738601685, 0.6728702187538147, 0.6836186051368713, 0.6852110028266907]], "HorizFlip": [[2.010307550430298, 1.5587832927703857, 1.3862905502319336, 1.281126856803894, 1.1968547105789185, 1.1189936399459839, 1.0548566579818726, 1.001027226448059, 0.9483044147491455, 0.9133206605911255, 0.8693908452987671, 0.8325637578964233, 0.8032252192497253, 0.771204948425293, 0.744023323059082, 0.7170326113700867, 0.6898525357246399, 0.6637147068977356, 0.6360191702842712, 0.6160465478897095], [0.38684314489364624, 0.45909634232521057, 0.5252786874771118, 0.559215784072876, 0.5846934914588928, 0.6053941249847412, 0.6380374431610107, 0.6261942386627197, 0.6592356562614441, 0.6668989062309265, 0.6731687784194946, 0.6834195852279663, 0.6953622698783875, 0.7028264403343201, 0.7027269005775452, 0.6983479261398315, 0.7133758068084717, 0.722034215927124, 0.7204418778419495, 0.724920392036438]], "Blur": [[2.0039150714874268, 1.567800521850586, 1.3973400592803955, 1.30492103099823, 1.2297195196151733, 1.1625317335128784, 1.096621036529541, 1.038424015045166, 0.9862754940986633, 0.9370713233947754, 0.8870857357978821, 0.8404564261436462, 0.8002594113349915, 0.7571256756782532, 0.7175397276878357, 0.6738885641098022, 0.6343360543251038, 0.5974072813987732, 0.5555381178855896, 0.5095100998878479], [0.36624205112457275, 0.48268312215805054, 0.5128383636474609, 0.5549362897872925, 0.5693670511245728, 0.5958399772644043, 0.6111664175987244, 0.640824019908905, 0.6294785141944885, 0.6361464858055115, 0.643710196018219, 0.6671974658966064, 0.6675955653190613, 0.6789410710334778, 0.678244411945343, 0.6697850227355957, 0.6794387102127075, 0.6797372698783875, 0.680832028388977, 0.6820262670516968]], "Jitter": [[1.9496471881866455, 1.5528508424758911, 1.3960680961608887, 1.2828419208526611, 1.1930086612701416, 1.1050567626953125, 1.0356403589248657, 0.971907913684845, 0.9200931191444397, 0.8727295398712158, 0.8197473287582397, 0.777977466583252, 0.7344324588775635, 0.6890477538108826, 0.645949125289917, 0.608207106590271, 0.565815269947052, 0.5281549096107483, 0.48747697472572327, 0.4475599229335785], [0.40067675709724426, 0.49731290340423584, 0.5365246534347534, 0.5723527073860168, 0.6015127301216125, 0.6220143437385559, 0.6477906107902527, 0.6590366363525391, 0.6553543210029602, 0.6788415312767029, 0.6798368096351624, 0.6853104829788208, 0.699542224407196, 0.6933718323707581, 0.7099920511245728, 0.7124800682067871, 0.7007364630699158, 0.7077030539512634, 0.7149681448936462, 0.7115843892097473]]}