{"Net1": [[1.2626142501831055, 0.38683488965034485, 0.3230796456336975, 0.29190707206726074, 0.2666793167591095, 0.24493063986301422, 0.22552193701267242, 0.2071835845708847, 0.19094975292682648, 0.17699609696865082, 0.1642669141292572, 0.15299685299396515, 0.14325158298015594, 0.13407902419567108, 0.12596425414085388, 0.11941716820001602, 0.11324135959148407, 0.10756382346153259, 0.1021149754524231, 0.09767741709947586], [0.887340784072876, 0.9102308750152588, 0.9178941249847412, 0.9240645170211792, 0.928244411945343, 0.934414803981781, 0.9401870965957642, 0.9440684914588928, 0.950039803981781, 0.9522293210029602, 0.956011176109314, 0.9574044346809387, 0.9602906107902527, 0.9631767272949219, 0.9647691249847412, 0.9642714858055115, 0.9684514403343201, 0.968949019908905, 0.9707404375076294, 0.9719347357749939]], "Net2": [[2.1675362586975098, 1.2044881582260132, 0.5184144973754883, 0.38406163454055786, 0.3247298300266266, 0.2857673764228821, 0.2568896412849426, 0.23297826945781708, 0.21306833624839783, 0.19581642746925354, 0.1808345764875412, 0.16824832558631897, 0.1568945199251175, 0.14705632627010345, 0.13820214569568634, 0.13028889894485474, 0.12379571050405502, 0.11782465130090714, 0.11259333789348602, 0.10736962407827377], [0.7142714858055115, 0.8515127301216125, 0.8917197585105896, 0.9049562215805054, 0.918789803981781, 0.9270501732826233, 0.9341162443161011, 0.9377985596656799, 0.9484474658966064, 0.9508360028266907, 0.9544187784194946, 0.9583996534347534, 0.9599920511245728, 0.9631767272949219, 0.9660629034042358, 0.9669585824012756, 0.9660629034042358, 0.9688495397567749, 0.9719347357749939, 0.972034215927124]], "Net3": [[2.2686033248901367, 1.6405141353607178, 0.49176374077796936, 0.3614737093448639, 0.3170711398124695, 0.2870911657810211, 0.2626343071460724, 0.2412118911743164, 0.22175273299217224, 0.20519760251045227, 0.19106939435005188, 0.17742711305618286, 0.16536098718643188, 0.15503787994384766, 0.145279660820961, 0.1374642252922058, 0.12921170890331268, 0.12240242958068848, 0.11605891585350037, 0.11071128398180008], [0.4164012670516968, 0.831707775592804, 0.8936106562614441, 0.9117237329483032, 0.9203821420669556, 0.9259554147720337, 0.930832028388977, 0.9382961988449097, 0.9362062215805054, 0.9462579488754272, 0.9496417045593262, 0.9523288011550903, 0.9516321420669556, 0.9571058750152588, 0.9595939517021179, 0.9607881903648376, 0.9614848494529724, 0.9677547812461853, 0.9661624431610107, 0.9691480994224548]], "MLP": [[2.281778335571289, 2.221968650817871, 2.0830886363983154, 1.814850091934204, 1.5323607921600342, 1.3607110977172852, 1.265122652053833, 1.204454779624939, 1.1605138778686523, 1.0803191661834717, 0.9672719836235046, 0.7786628603935242, 0.6868038773536682, 0.6391265392303467, 0.611160159111023, 0.5916020274162292, 0.5761993527412415, 0.5634281635284424, 0.5524654984474182, 0.5426996946334839], [0.431329607963562, 0.4529259502887726, 0.4821855127811432, 0.531449019908905, 0.5730493664741516, 0.5942476391792297, 0.6038017272949219, 0.6094745397567749, 0.6135549545288086, 0.6807324886322021, 0.7614450454711914, 0.7834395170211792, 0.7890127301216125, 0.7956807613372803, 0.7994625568389893, 0.8019506335258484, 0.8028463125228882, 0.8065286874771118, 0.8080214858055115, 0.8129976391792297]]}