{"SGD": [[2.1675362586975098, 1.2044881582260132, 0.5184144973754883, 0.38406163454055786, 0.3247298300266266, 0.2857673764228821, 0.2568896412849426, 0.23297826945781708, 0.21306833624839783, 0.19581642746925354, 0.1808345764875412, 0.16824832558631897, 0.1568945199251175, 0.14705632627010345, 0.13820214569568634, 0.13028889894485474, 0.12379571050405502, 0.11782465130090714, 0.11259333789348602, 0.10736962407827377], [0.7142714858055115, 0.8515127301216125, 0.8917197585105896, 0.9049562215805054, 0.918789803981781, 0.9270501732826233, 0.9341162443161011, 0.9377985596656799, 0.9484474658966064, 0.9508360028266907, 0.9544187784194946, 0.9583996534347534, 0.9599920511245728, 0.9631767272949219, 0.9660629034042358, 0.9669585824012756, 0.9660629034042358, 0.9688495397567749, 0.9719347357749939, 0.972034215927124]], "SGDM": [[0.6390109658241272, 0.16709324717521667, 0.10799920558929443, 0.0849531814455986, 0.07035081088542938, 0.060696862637996674, 0.05430421978235245, 0.04929253086447716, 0.044399943202733994, 0.041444916278123856, 0.0379660539329052, 0.035388827323913574, 0.033323682844638824, 0.031113507226109505, 0.029344115406274796, 0.02744734100997448, 0.025670474395155907, 0.023821596056222916, 0.02301790378987789, 0.021296197548508644], [0.9447651505470276, 0.9667595624923706, 0.975417971611023, 0.9806926846504211, 0.9827826619148254, 0.9842754602432251, 0.9844745397567749, 0.987957775592804, 0.9850716590881348, 0.9880573153495789, 0.9880573153495789, 0.9881568551063538, 0.9884554147720337, 0.9881568551063538, 0.9886544346809387, 0.9873606562614441, 0.9890525341033936, 0.9895501732826233, 0.9901472926139832, 0.9895501732826233]], "SGD2": [[0.541985034942627, 0.14927761256694794, 0.09986229985952377, 0.0789889469742775, 0.06618516147136688, 0.0584980808198452, 0.0521136038005352, 0.04688749834895134, 0.04314984753727913, 0.040031660348176956, 0.036940280348062515, 0.034008681774139404, 0.03229733183979988, 0.029850918799638748, 0.027842937037348747, 0.026466112583875656, 0.02528517134487629, 0.023431023582816124, 0.022463154047727585, 0.021017510443925858], [0.9400875568389893, 0.9486464858055115, 0.956011176109314, 0.9794983863830566, 0.9839769005775452, 0.9806926846504211, 0.9769108295440674, 0.9859673380851746, 0.9864649772644043, 0.9882563948631287, 0.9871616363525391, 0.9888535141944885, 0.9887539744377136, 0.9834793210029602, 0.987659215927124, 0.9887539744377136, 0.9895501732826233, 0.9901472926139832, 0.9857683181762695, 0.9896496534347534]], "SGDM2": [[0.19703732430934906, 0.051675304770469666, 0.0349954292178154, 0.026245158165693283, 0.019607527181506157, 0.01599944196641445, 0.012603586539626122, 0.010175412520766258, 0.0076142847537994385, 0.00641788961365819, 0.005008860025554895, 0.003615954192355275, 0.0031058562453836203, 0.0016369876684620976, 0.0009960331954061985, 0.0009761478286236525, 0.0008578395936638117, 0.00047337295836769044, 0.0002558708074502647, 0.000206313343369402], [0.9833797812461853, 0.9883558750152588, 0.9883558750152588, 0.9884554147720337, 0.990545392036438, 0.9917396306991577, 0.9908439517021179, 0.9917396306991577, 0.9908439517021179, 0.990744411945343, 0.9917396306991577, 0.9913415312767029, 0.9901472926139832, 0.9926353693008423, 0.9928343892097473, 0.9920381903648376, 0.9922372698783875, 0.9929339289665222, 0.9921377301216125, 0.9925358295440674]]}